codon,amino_acid,log_odds,ends_with
GCT,A,0.319,T
GCC,A,-0.279,C
GCA,A,0.224,A
GCG,A,-0.284,G
TGT,C,-0.367,T
TGC,C,0.367,C
GAT,D,-0.09,T
GAC,D,0.09,C
GAA,E,0.204,A
GAG,E,-0.204,G
TTT,F,0.283,T
TTC,F,-0.283,C
GGT,G,0.615,T
GGC,G,0.174,C
GGA,G,-0.647,A
GGG,G,-0.695,G
CAT,H,0.176,T
CAC,H,-0.176,C
ATA,I,-0.979,A
ATT,I,0.141,T
ATC,I,0.351,C
AAA,K,-0.041,A
AAG,K,0.041,G
TTA,L,-0.162,A
TTG,L,-0.162,G
CTT,L,-0.03,T
CTC,L,0.239,C
CTA,L,-0.619,A
CTG,L,0.252,G
AAT,N,-0.602,T
AAC,N,0.602,C
CCT,P,-0.002,T
CCC,P,-0.387,C
CCA,P,0.079,A
CCG,P,0.208,G
CAA,Q,0.084,A
CAG,Q,-0.084,G
CGT,R,0.698,T
CGC,R,0.102,C
CGA,R,-0.328,A
CGG,R,-0.67,G
AGA,R,-0.91,A
AGG,R,-0.737,G
TCT,S,-0.03,T
TCC,S,0.239,C
TCA,S,-0.286,A
TCG,S,-0.1,G
AGT,S,-0.113,T
AGC,S,0.258,C
ACT,T,0.335,T
ACC,T,0.162,C
ACA,T,-0.339,A
ACG,T,-0.183,G
GTT,V,0.076,T
GTC,V,-0.061,C
GTA,V,0.366,A
GTG,V,-0.417,G
TAT,Y,-0.582,T
TAC,Y,0.582,C
